{"cameraMode":{"drawMode":0,"name":"Shaded","section":"Shading Mode"},"sceneLighting":true,"audioPlay":false,"sceneViewState":{"showFog":true,"showMaterialUpdate":true,"showSkybox":true,"showFlares":true,"showImageEffects":true,"showParticleSystems":true},"in2DMode":false,"pivot":{"x":-14.947234153747559,"y":6.407546043395996,"z":15.991419792175293},"rotation":{"x":-0.05218248814344406,"y":-0.6765563488006592,"z":0.04737342521548271,"w":-0.7336598634719849},"size":4.22957181930542,"orthographic":false}