{"cameraMode":{"drawMode":0,"name":"Shaded","section":"Shading Mode"},"sceneLighting":false,"audioPlay":false,"sceneViewState":{"showFog":true,"showMaterialUpdate":true,"showSkybox":false,"showFlares":true,"showImageEffects":true,"showParticleSystems":true},"in2DMode":false,"pivot":{"x":-0.31006717681884768,"y":0.23400019109249116,"z":4.440000057220459},"rotation":{"x":0.08244112879037857,"y":-0.7029590010643005,"z":0.08265586197376251,"w":0.701674222946167},"size":2.1783745288848879,"orthographic":false}