{"cameraMode":{"drawMode":0,"name":"Shaded","section":"Shading Mode"},"sceneLighting":true,"audioPlay":false,"sceneViewState":{"showFog":true,"showMaterialUpdate":false,"showSkybox":true,"showFlares":true,"showImageEffects":true,"showParticleSystems":true},"in2DMode":false,"pivot":{"x":-2.61804461479187,"y":-10.488422393798829,"z":150.94137573242188},"rotation":{"x":0.03780318796634674,"y":-0.008685197681188584,"z":0.00030442560091614723,"w":0.9993234276771545},"size":156.36708068847657,"orthographic":false}