{"cameraMode":{"drawMode":0,"name":"Shaded","section":"Shading Mode"},"sceneLighting":true,"audioPlay":false,"sceneViewState":{"showFog":true,"showMaterialUpdate":true,"showSkybox":true,"showFlares":true,"showImageEffects":true,"showParticleSystems":true},"in2DMode":false,"pivot":{"x":11.039595603942871,"y":7.95946741104126,"z":-25.467105865478517},"rotation":{"x":-0.023954786360263826,"y":0.0605408251285553,"z":-0.0014445781707763672,"w":-0.9979016184806824},"size":5.67128849029541,"orthographic":false}