{"cameraMode":{"drawMode":0,"name":"Shaded","section":"Shading Mode"},"sceneLighting":true,"audioPlay":false,"sceneViewState":{"showFog":true,"showMaterialUpdate":true,"showSkybox":true,"showFlares":true,"showImageEffects":true,"showParticleSystems":true},"in2DMode":false,"pivot":{"x":-9.821403503417969,"y":3.1185526847839357,"z":4.281449794769287},"rotation":{"x":-0.08290155977010727,"y":-0.5468066334724426,"z":0.053910642862319949,"w":-0.8319815397262573},"size":4.22957181930542,"orthographic":false}