{"cameraMode":{"drawMode":0,"name":"Shaded","section":"Shading Mode"},"sceneLighting":true,"audioPlay":false,"sceneViewState":{"showFog":true,"showMaterialUpdate":true,"showSkybox":true,"showFlares":true,"showImageEffects":true,"showParticleSystems":true},"in2DMode":false,"pivot":{"x":-7.052706241607666,"y":1.3423798084259034,"z":33.38215637207031},"rotation":{"x":-0.003039479488506913,"y":0.9945212602615356,"z":-0.10331735014915467,"w":-0.0333910807967186},"size":4.22957181930542,"orthographic":false}