{"cameraMode":{"drawMode":0,"name":"Shaded","section":"Shading Mode"},"sceneLighting":true,"audioPlay":false,"sceneViewState":{"showFog":true,"showMaterialUpdate":true,"showSkybox":true,"showFlares":true,"showImageEffects":true,"showParticleSystems":true},"in2DMode":false,"pivot":{"x":17.124940872192384,"y":4.4392547607421879,"z":-7.772115707397461},"rotation":{"x":0.07246017456054688,"y":-0.6882175803184509,"z":0.06940187513828278,"w":0.718583881855011},"size":7.705166816711426,"orthographic":false}