{"cameraMode":{"drawMode":0,"name":"Shaded","section":"Shading Mode"},"sceneLighting":true,"audioPlay":false,"sceneViewState":{"showFog":true,"showMaterialUpdate":true,"showSkybox":true,"showFlares":true,"showImageEffects":true,"showParticleSystems":true},"in2DMode":false,"pivot":{"x":62.56224822998047,"y":27.12390899658203,"z":47.94263458251953},"rotation":{"x":-0.060842305421829227,"y":0.3313208222389221,"z":-0.021303420886397363,"w":-0.9414511322975159},"size":18.432592391967775,"orthographic":false}