{"cameraMode":{"drawMode":0,"name":"Shaded","section":"Shading Mode"},"sceneLighting":true,"audioPlay":false,"sceneViewState":{"showFog":true,"showMaterialUpdate":true,"showSkybox":true,"showFlares":true,"showImageEffects":true,"showParticleSystems":true},"in2DMode":false,"pivot":{"x":8.81538200378418,"y":0.5100448131561279,"z":-4.4368438720703129},"rotation":{"x":-0.0024144977796822788,"y":-0.9971813559532166,"z":0.05095783993601799,"w":-0.06413422524929047},"size":6.31817626953125,"orthographic":false}