{"cameraMode":{"drawMode":0,"name":"Shaded","section":"Shading Mode"},"sceneLighting":true,"audioPlay":false,"sceneViewState":{"showFog":true,"showMaterialUpdate":true,"showSkybox":true,"showFlares":true,"showImageEffects":true,"showParticleSystems":true},"in2DMode":false,"pivot":{"x":531.4490966796875,"y":120.80037689208985,"z":-505.7472229003906},"rotation":{"x":-0.1477166712284088,"y":-0.05810849741101265,"z":-0.008744505234062672,"w":0.9874259829521179},"size":18.432592391967775,"orthographic":false}