{"cameraMode":{"drawMode":0,"name":"Shaded","section":"Shading Mode"},"sceneLighting":true,"audioPlay":false,"sceneViewState":{"showFog":true,"showMaterialUpdate":true,"showSkybox":true,"showFlares":true,"showImageEffects":true,"showParticleSystems":true},"in2DMode":false,"pivot":{"x":-19.144412994384767,"y":2.694432258605957,"z":220.4308319091797},"rotation":{"x":0.048914823681116107,"y":0.6983835101127625,"z":-0.04861169680953026,"w":0.7126908898353577},"size":18.432592391967775,"orthographic":false}