{"cameraMode":{"drawMode":0,"name":"Shaded","section":"Shading Mode"},"sceneLighting":true,"audioPlay":false,"sceneViewState":{"showFog":true,"showMaterialUpdate":true,"showSkybox":true,"showFlares":true,"showImageEffects":true,"showParticleSystems":true},"in2DMode":false,"pivot":{"x":-13.684976577758789,"y":3.557039499282837,"z":159.94598388671876},"rotation":{"x":-0.0046565355733036999,"y":-0.9948000311851502,"z":0.05227434262633324,"w":-0.08827640861272812},"size":18.432592391967775,"orthographic":false}