{"cameraMode":{"drawMode":0,"name":"Shaded","section":"Shading Mode"},"sceneLighting":true,"audioPlay":false,"sceneViewState":{"showFog":true,"showMaterialUpdate":true,"showSkybox":true,"showFlares":true,"showImageEffects":true,"showParticleSystems":true},"in2DMode":false,"pivot":{"x":0.7459337711334229,"y":3.7605929374694826,"z":-13.869848251342774},"rotation":{"x":-0.11866052448749542,"y":0.25235629081726076,"z":-0.031198527663946153,"w":-0.9598523378372192},"size":5.67128849029541,"orthographic":false}