{"cameraMode":{"drawMode":0,"name":"Shaded","section":"Shading Mode"},"sceneLighting":true,"audioPlay":false,"sceneViewState":{"showFog":true,"showMaterialUpdate":true,"showSkybox":true,"showFlares":true,"showImageEffects":true,"showParticleSystems":true},"in2DMode":false,"pivot":{"x":-1.9916086196899415,"y":1.975151777267456,"z":50.2617301940918},"rotation":{"x":-0.0011843726970255375,"y":-0.9995406270027161,"z":0.01647442951798439,"w":-0.03990653157234192},"size":4.22957181930542,"orthographic":false}