{"cameraMode":{"drawMode":0,"name":"Shaded","section":"Shading Mode"},"sceneLighting":true,"audioPlay":false,"sceneViewState":{"showFog":true,"showMaterialUpdate":true,"showSkybox":true,"showFlares":true,"showImageEffects":true,"showParticleSystems":true},"in2DMode":false,"pivot":{"x":-13.322925567626954,"y":1.4300322532653809,"z":160.3724822998047},"rotation":{"x":-0.011131706647574902,"y":-0.9889163970947266,"z":0.11022201180458069,"w":-0.09972720593214035},"size":18.432592391967775,"orthographic":false}