{"cameraMode":{"drawMode":0,"name":"Shaded","section":"Shading Mode"},"sceneLighting":true,"audioPlay":false,"sceneViewState":{"showFog":true,"showMaterialUpdate":true,"showSkybox":true,"showFlares":true,"showImageEffects":true,"showParticleSystems":true},"in2DMode":false,"pivot":{"x":-2.019751787185669,"y":2.666712760925293,"z":2.781578779220581},"rotation":{"x":-0.0001929455465869978,"y":-0.9840198755264282,"z":-0.004539785906672478,"w":0.17948248982429505},"size":24.780973434448243,"orthographic":false}