{"cameraMode":{"drawMode":0,"name":"Shaded","section":"Shading Mode"},"sceneLighting":true,"audioPlay":false,"sceneViewState":{"showFog":true,"showMaterialUpdate":true,"showSkybox":true,"showFlares":true,"showImageEffects":true,"showParticleSystems":true},"in2DMode":false,"pivot":{"x":4.873251438140869,"y":-1.7019187211990357,"z":-12.74453353881836},"rotation":{"x":-0.023569107055664064,"y":-0.9718440771102905,"z":0.10676668584346771,"w":-0.21105994284152986},"size":32.453025817871097,"orthographic":false}