{"cameraMode":{"drawMode":0,"name":"Shaded","section":"Shading Mode"},"sceneLighting":true,"audioPlay":false,"sceneViewState":{"showFog":true,"showMaterialUpdate":true,"showSkybox":true,"showFlares":true,"showImageEffects":true,"showParticleSystems":true},"in2DMode":false,"pivot":{"x":0.3450576961040497,"y":1.562563180923462,"z":6.3694586753845219},"rotation":{"x":0.06131931021809578,"y":-0.06913451850414276,"z":0.004219054710119963,"w":0.9957579970359802},"size":7.705166816711426,"orthographic":false}