{"cameraMode":{"drawMode":0,"name":"Shaded","section":"Shading Mode"},"sceneLighting":true,"audioPlay":false,"sceneViewState":{"showFog":true,"showMaterialUpdate":true,"showSkybox":true,"showFlares":true,"showImageEffects":true,"showParticleSystems":true},"in2DMode":false,"pivot":{"x":16.017074584960939,"y":4.881443023681641,"z":22.41942596435547},"rotation":{"x":-0.03207751736044884,"y":0.881841242313385,"z":-0.05935633182525635,"w":-0.4672712981700897},"size":4.22957181930542,"orthographic":false}