{"cameraMode":{"drawMode":0,"name":"Shaded","section":"Shading Mode"},"sceneLighting":true,"audioPlay":false,"sceneViewState":{"showFog":true,"showMaterialUpdate":true,"showSkybox":true,"showFlares":true,"showImageEffects":true,"showParticleSystems":true},"in2DMode":false,"pivot":{"x":-9.849695205688477,"y":0.7186217308044434,"z":11.647746086120606},"rotation":{"x":-0.014982522465288639,"y":0.8661390542984009,"z":0.02599959261715412,"w":0.49976077675819399},"size":4.22957181930542,"orthographic":false}