{"cameraMode":{"drawMode":0,"name":"Shaded","section":"Shading Mode"},"sceneLighting":true,"audioPlay":false,"sceneViewState":{"showFog":true,"showMaterialUpdate":true,"showSkybox":true,"showFlares":true,"showImageEffects":true,"showParticleSystems":true},"in2DMode":false,"pivot":{"x":4.883449554443359,"y":2.9303243160247804,"z":24.57025146484375},"rotation":{"x":0.00911527406424284,"y":0.500506579875946,"z":-0.00522559555247426,"w":0.8662723302841187},"size":30.721111297607423,"orthographic":false}