{"cameraMode":{"drawMode":0,"name":"Shaded","section":"Shading Mode"},"sceneLighting":true,"audioPlay":false,"sceneViewState":{"showFog":true,"showMaterialUpdate":true,"showSkybox":true,"showFlares":true,"showImageEffects":true,"showParticleSystems":true},"in2DMode":false,"pivot":{"x":1.5640984773635865,"y":3.2557406425476076,"z":-12.851155281066895},"rotation":{"x":-0.14251218736171723,"y":0.527418315410614,"z":-0.09026621282100678,"w":-0.8327228426933289},"size":5.67128849029541,"orthographic":false}