{"cameraMode":{"drawMode":0,"name":"Shaded","section":"Shading Mode"},"sceneLighting":true,"audioPlay":false,"sceneViewState":{"showFog":true,"showMaterialUpdate":true,"showSkybox":true,"showFlares":true,"showImageEffects":true,"showParticleSystems":true},"in2DMode":false,"pivot":{"x":1.138751745223999,"y":13.968926429748536,"z":93.34618377685547},"rotation":{"x":0.3041594624519348,"y":0.0010728277266025544,"z":-0.0007331371307373047,"w":0.9528055787086487},"size":18.432592391967775,"orthographic":false}