{"cameraMode":{"drawMode":0,"name":"Shaded","section":"Shading Mode"},"sceneLighting":true,"audioPlay":false,"sceneViewState":{"showFog":true,"showMaterialUpdate":true,"showSkybox":true,"showFlares":true,"showImageEffects":true,"showParticleSystems":true},"in2DMode":false,"pivot":{"x":4.2211761474609379,"y":-2.1897599697113039,"z":-22.10138702392578},"rotation":{"x":-0.001199844991788268,"y":-0.9971616864204407,"z":0.08094480633735657,"w":-0.00983170885592699},"size":32.453025817871097,"orthographic":false}