{"cameraMode":{"drawMode":0,"name":"Shaded","section":"Shading Mode"},"sceneLighting":false,"audioPlay":false,"sceneViewState":{"showFog":true,"showMaterialUpdate":false,"showSkybox":false,"showFlares":true,"showImageEffects":true,"showParticleSystems":true},"in2DMode":false,"pivot":{"x":-0.31006717681884768,"y":0.23400019109249116,"z":4.440000057220459},"rotation":{"x":0.20871639251708985,"y":0.6151129603385925,"z":-0.17342740297317506,"w":0.7402803897857666},"size":2.1783745288848879,"orthographic":false}