{"cameraMode":{"drawMode":0,"name":"Shaded","section":"Shading Mode"},"sceneLighting":true,"audioPlay":false,"sceneViewState":{"showFog":true,"showMaterialUpdate":false,"showSkybox":true,"showFlares":true,"showImageEffects":true,"showParticleSystems":true},"in2DMode":false,"pivot":{"x":-0.17371930181980134,"y":0.5479364991188049,"z":0.36203286051750185},"rotation":{"x":0.013816035352647305,"y":0.984889566898346,"z":-0.14614209532737733,"w":0.09300141036510468},"size":3.229114294052124,"orthographic":false}